{
  "project_info": {
    "project_number": "673376427467",
    "project_id": "smartnotess-51220",
    "storage_bucket": "smartnotess-51220.appspot.com"
  },
  "client": [
    {
      "client_info": {
        "mobilesdk_app_id": "1:673376427467:android:0a38d0ad7b686276122a4e",
        "android_client_info": {
          "package_name": "com.example.smartnotess"
        }
      },
      "oauth_client": [
        {
          "client_id": "673376427467-kqaneujhrr2aeesa92jmt5l0nunaaueo.apps.googleusercontent.com",
          "client_type": 3
        }
      ],
      "api_key": [
        {
          "current_key": "AIzaSyDXTd5qZkmnove9L6azVZxYaDcOLuTaymE"
        }
      ],
      "services": {
        "appinvite_service": {
          "other_platform_oauth_client": [
            {
              "client_id": "673376427467-kqaneujhrr2aeesa92jmt5l0nunaaueo.apps.googleusercontent.com",
              "client_type": 3
            }
          ]
        }
      }
    }
  ],
  "configuration_version": "1"
}